id,name,highway,oneway,lane_count,lane_source,estimated_road_width_m,maxspeed,surface,turn_lanes
way/13284694,Brynhurst Avenue,residential,False,2,inferred,6.8,,asphalt,
way/13284702,Brynhurst Avenue,residential,False,2,inferred,6.8,,paved,
way/13284710,Brynhurst Avenue,residential,False,2,inferred,6.8,,,
way/13290818,Long Street,residential,False,2,inferred,6.8,,,
way/13314573,Chanson Drive,residential,False,2,inferred,6.8,,,
way/13318252,10th Avenue,residential,False,2,inferred,6.8,,,
way/13318254,10th Avenue,residential,False,2,inferred,6.8,,,
way/13318256,10th Avenue,residential,False,2,inferred,6.8,,,
way/13330595,Floresta Way,residential,False,2,inferred,6.8,,,
way/13334079,Floresta Avenue,residential,False,2,inferred,6.8,,,
way/13350737,Southwest Drive,tertiary,False,2,osm,6.8,30 mph,,
way/13351172,West 62nd Street,residential,False,2,inferred,6.8,,,
way/13351184,West 62nd Street,residential,False,2,inferred,6.8,,,
way/13362383,Madden Avenue,residential,False,2,inferred,6.8,,,
way/13364995,7th Avenue,residential,False,2,inferred,6.8,,,
way/13365011,7th Avenue,residential,False,2,inferred,6.8,,,
way/13365731,East Brett Street,residential,False,2,inferred,6.8,,,
way/13366212,West 61st Street,residential,False,2,inferred,6.8,,,
way/13369424,9th Avenue,residential,False,2,inferred,6.8,,,
way/13392261,West 64th Street,residential,False,2,inferred,6.8,,,
way/13392493,5th Avenue,residential,False,2,inferred,6.8,,,
way/13392502,5th Avenue,residential,False,2,inferred,6.8,,asphalt,
way/13392821,West 60th Street,residential,False,2,osm,6.8,,asphalt,
way/13401387,11th Avenue,residential,False,2,inferred,6.8,,,
way/13418324,Deane Avenue,residential,False,2,inferred,6.8,25 mph,asphalt,
way/13427781,South Rimpau Boulevard,residential,False,2,inferred,6.8,,asphalt,
way/13427782,South Rimpau Boulevard,residential,False,2,inferred,6.8,,,
way/13431469,South Harcourt Avenue,residential,False,2,inferred,6.8,,asphalt,
way/13431472,South Harcourt Avenue,residential,False,2,inferred,6.8,,,
way/13446430,West 64th Street,residential,False,2,inferred,6.8,,,
way/13448145,South Mullen Avenue,residential,False,2,inferred,6.8,,asphalt,
way/13448150,South Mullen Avenue,residential,False,2,inferred,6.8,,,
way/13470891,West 63rd Street,residential,False,2,inferred,6.8,,,
way/13470892,West 63rd Street,residential,False,2,inferred,6.8,,,
way/56242254,,service,False,1,inferred,3.4,15 mph,,
way/56242255,,service,False,1,inferred,3.4,15 mph,,
way/56242257,,service,False,1,inferred,3.4,15 mph,,
way/56242259,,service,False,1,inferred,3.4,,,
way/134118535,Crenshaw Boulevard,residential,True,2,inferred,6.8,,,
way/136732123,West 60th Street,tertiary,False,2,osm,6.8,,asphalt,
way/136732126,Crenshaw Boulevard,primary,True,4,osm,13.6,,asphalt,|||right
way/165665922,Lorado Way,residential,False,2,inferred,6.8,,,
way/165665929,Angeles Vista Boulevard,tertiary,False,4,osm,13.6,35 mph,asphalt,
way/165665937,Chesley Avenue,residential,False,2,inferred,6.8,,asphalt,
way/165665943,West Boulevard,tertiary,False,2,osm,6.8,,asphalt,
way/165665958,Hillcrest Drive,residential,False,2,inferred,6.8,,asphalt,
way/165665960,11th Avenue,residential,False,2,inferred,6.8,,asphalt,
way/165884087,6th Avenue,residential,False,2,inferred,6.8,,,
way/167009411,North Long Street,residential,False,2,inferred,6.8,,,
way/173794415,Hyde Park Boulevard,tertiary,False,2,inferred,6.8,30 mph,,
way/173879349,8th Avenue,residential,False,2,inferred,6.8,,asphalt,
way/191273242,,service,False,1,inferred,3.4,15 mph,,
way/295753825,,service,False,1,inferred,3.4,,,
way/295753829,,service,False,1,inferred,3.4,,,
way/295753830,6th Avenue,residential,False,2,inferred,6.8,,,
way/295756012,West 59th Place,residential,False,2,osm,6.8,,asphalt,
way/295757629,West 57th Street,residential,False,2,osm,6.8,,asphalt,
way/295757630,West 58th Place,residential,False,2,inferred,6.8,,asphalt,
way/398364647,West 54th Street,tertiary,False,2,osm,6.8,,asphalt,
way/398364648,West 54th Street,tertiary,False,3,osm,10.2,30 mph,,
way/398364649,West 54th Street,tertiary,False,3,osm,10.2,30 mph,,
way/398364650,West 54th Street,tertiary,False,2,osm,6.8,30 mph,,
way/398364651,West 54th Street,tertiary,False,3,osm,10.2,35 mph,asphalt,
way/398364652,West 54th Street,tertiary,False,2,osm,6.8,35 mph,asphalt,
way/398364653,West 54th Street,tertiary,False,3,osm,10.2,30 mph,,
way/398364654,West 54th Street,tertiary,False,2,osm,6.8,35 mph,asphalt,
way/398364655,West 54th Street,tertiary,False,3,osm,10.2,35 mph,asphalt,
way/398364656,West 54th Street,tertiary,False,3,osm,10.2,35 mph,,
way/398364657,West 54th Street,tertiary,False,3,osm,10.2,30 mph,asphalt,
way/398364658,West 54th Street,tertiary,False,2,osm,6.8,35 mph,asphalt,
way/398364659,West 54th Street,tertiary,False,2,osm,6.8,30 mph,,
way/398364660,West 54th Street,tertiary,False,3,osm,10.2,,,
way/398364661,West 54th Street,tertiary,False,3,osm,10.2,35 mph,asphalt,
way/398364662,West 54th Street,tertiary,False,2,osm,6.8,35 mph,asphalt,
way/398364663,West 54th Street,tertiary,False,3,osm,10.2,30 mph,paved,
way/398364664,West 54th Street,tertiary,False,3,osm,10.2,30 mph,,
way/398364665,West 54th Street,tertiary,False,2,osm,6.8,35 mph,asphalt,
way/398364666,West 54th Street,tertiary,False,3,osm,10.2,30 mph,asphalt,
way/398364667,West 54th Street,tertiary,False,3,osm,10.2,35 mph,asphalt,
way/398364668,West 54th Street,tertiary,False,4,osm,13.6,35 mph,asphalt,
way/398364669,West 54th Street,tertiary,False,3,osm,10.2,35 mph,asphalt,
way/398364670,West 54th Street,tertiary,False,3,osm,10.2,35 mph,asphalt,
way/398364673,West 54th Street,tertiary,False,3,osm,10.2,30 mph,,
way/398364674,West 54th Street,tertiary,False,3,osm,10.2,30 mph,paved,
way/398364675,West 54th Street,tertiary,False,3,osm,10.2,30 mph,,
way/398364680,West 54th Street,tertiary,False,3,osm,10.2,35 mph,asphalt,
way/398364682,West 54th Street,tertiary,False,3,osm,10.2,35 mph,asphalt,
way/398364685,West 54th Street,tertiary,False,3,osm,10.2,35 mph,asphalt,
way/398364686,West 54th Street,tertiary,False,2,osm,6.8,30 mph,,
way/398364687,West 54th Street,tertiary,False,2,osm,6.8,30 mph,asphalt,
way/398364688,West Slauson Avenue,primary,False,4,osm,13.6,35 mph,,
way/398364689,West Slauson Avenue,primary,False,5,osm,17.0,35 mph,asphalt,
way/398364690,West Slauson Avenue,primary,False,4,osm,13.6,35 mph,,
way/398364691,West Slauson Avenue,primary,False,4,osm,13.6,35 mph,asphalt,
way/398364692,West Slauson Avenue,primary,False,5,osm,17.0,35 mph,,
way/398364693,West Slauson Avenue,primary,False,5,osm,17.0,35 mph,,
way/398364694,West Slauson Avenue,primary,False,4,osm,13.6,35 mph,,
way/398364696,West Slauson Avenue,primary,False,4,osm,13.6,35 mph,asphalt,
way/398364698,West Slauson Avenue,primary,False,4,osm,13.6,35 mph,,
way/398364699,West Slauson Avenue,primary,False,4,osm,13.6,35 mph,,
way/398364700,West Slauson Avenue,primary,False,5,osm,17.0,35 mph,,
way/398364701,West Slauson Avenue,primary,False,4,osm,13.6,35 mph,asphalt,
way/398364702,West Slauson Avenue,primary,False,4,osm,13.6,35 mph,asphalt,
way/398364703,West Slauson Avenue,primary,False,5,osm,17.0,35 mph,asphalt,
way/398364704,West Slauson Avenue,primary,False,4,osm,13.6,35 mph,,
way/398364705,West Slauson Avenue,primary,False,5,osm,17.0,35 mph,asphalt,
way/398364706,West Slauson Avenue,primary,False,5,osm,17.0,35 mph,asphalt,
way/398364707,West Slauson Avenue,primary,False,4,osm,13.6,35 mph,asphalt,
way/398364708,West Slauson Avenue,primary,False,4,osm,13.6,35 mph,,
way/398364709,West Slauson Avenue,primary,False,4,osm,13.6,35 mph,asphalt,
way/398364710,West Slauson Avenue,primary,False,4,osm,13.6,35 mph,asphalt,
way/398364711,West Slauson Avenue,primary,False,5,osm,17.0,35 mph,asphalt,
way/398364712,West Slauson Avenue,primary,False,5,osm,17.0,35 mph,asphalt,
way/398364713,West Slauson Avenue,primary,False,4,osm,13.6,35 mph,asphalt,
way/398364714,West Slauson Avenue,primary,False,7,osm,23.8,35 mph,asphalt,
way/398364715,West Slauson Avenue,primary,False,5,osm,17.0,35 mph,,
way/398364717,West Slauson Avenue,primary,False,5,osm,17.0,35 mph,asphalt,
way/398364718,West Slauson Avenue,primary,False,5,osm,17.0,35 mph,,
way/398364719,West Slauson Avenue,primary,False,5,osm,17.0,35 mph,asphalt,
way/398364720,West Slauson Avenue,primary,False,5,osm,17.0,35 mph,,
way/398364721,West Slauson Avenue,primary,False,5,osm,17.0,35 mph,asphalt,
way/398364722,West Slauson Avenue,primary,False,5,osm,17.0,35 mph,,
way/398364723,West Slauson Avenue,primary,False,8,osm,27.2,35 mph,asphalt,
way/398364726,West Slauson Avenue,primary,False,4,osm,13.6,35 mph,asphalt,
way/398364728,West Slauson Avenue,primary,False,4,osm,13.6,35 mph,asphalt,
way/398364729,West Slauson Avenue,primary,False,4,osm,13.6,35 mph,asphalt,
way/398366973,Crenshaw Boulevard,primary,True,2,osm,6.8,,asphalt,
way/398366974,Crenshaw Boulevard,primary,True,3,osm,10.2,,asphalt,
way/398366976,Crenshaw Boulevard,primary,True,4,osm,13.6,,asphalt,left|||
way/398366977,Crenshaw Boulevard,primary,True,3,osm,10.2,,asphalt,
way/398366978,Crenshaw Boulevard,primary,True,2,osm,6.8,,,
way/398366979,Crenshaw Boulevard,primary,True,4,osm,13.6,,asphalt,left|||
way/398366980,Crenshaw Boulevard,primary,True,3,osm,10.2,,asphalt,
way/398366982,Crenshaw Boulevard,primary,True,4,osm,13.6,,asphalt,left|||
way/398366983,Crenshaw Boulevard,primary,True,4,osm,13.6,,asphalt,left|||
way/398366984,Crenshaw Boulevard,primary,True,4,osm,13.6,,asphalt,left|||right
way/398366985,Crenshaw Boulevard,primary,True,4,osm,13.6,,asphalt,left|||
way/398366986,Crenshaw Boulevard,primary,True,3,osm,10.2,,,
way/398366987,Crenshaw Boulevard,primary,True,3,osm,10.2,,,
way/398366990,Crenshaw Boulevard,primary,True,3,osm,10.2,,asphalt,
way/398366991,Crenshaw Boulevard,primary,True,4,osm,13.6,,asphalt,left|||
way/398366992,Crenshaw Boulevard,primary,True,3,osm,10.2,,asphalt,
way/398366993,Crenshaw Boulevard,primary,True,4,osm,13.6,,asphalt,left|||
way/398366994,Crenshaw Boulevard,primary,True,3,osm,10.2,,asphalt,
way/398366995,Crenshaw Boulevard,primary,True,4,osm,13.6,,asphalt,left|||
way/398366996,Crenshaw Boulevard,primary,True,3,osm,10.2,,asphalt,
way/398366997,Crenshaw Boulevard,primary,True,5,osm,17.0,,asphalt,left||||right
way/398366998,Crenshaw Boulevard,primary,True,4,osm,13.6,,asphalt,left|||
way/398366999,Crenshaw Boulevard,primary,True,3,osm,10.2,,asphalt,
way/398367000,Crenshaw Boulevard,primary,True,4,osm,13.6,,asphalt,left|||
way/398367001,Crenshaw Boulevard,primary,True,4,osm,13.6,,asphalt,left|||
way/398367004,Crenshaw Boulevard,primary,True,4,osm,13.6,,asphalt,left|||
way/398367005,Crenshaw Boulevard,primary,True,3,osm,10.2,,asphalt,
way/398367006,Crenshaw Boulevard,primary,True,3,osm,10.2,,asphalt,
way/398367007,West Boulevard,secondary,False,3,osm,10.2,30 mph,asphalt,
way/398367008,West Boulevard,secondary,False,3,osm,10.2,30 mph,asphalt,
way/398367009,West Boulevard,secondary,False,3,osm,10.2,30 mph,,
way/398367010,West Boulevard,secondary,False,3,osm,10.2,30 mph,asphalt,
way/398367012,West Boulevard,secondary,False,5,osm,17.0,30 mph,asphalt,
way/398367013,West Boulevard,secondary,False,3,osm,10.2,30 mph,asphalt,
way/398367014,West Boulevard,secondary,False,3,osm,10.2,30 mph,asphalt,
way/398367015,West Boulevard,secondary,False,3,osm,10.2,30 mph,asphalt,
way/398417446,West 54th Street,tertiary,False,3,osm,10.2,30 mph,paved,
way/398417452,West 54th Street,tertiary,False,3,osm,10.2,30 mph,paved,
way/398417460,West Slauson Avenue,primary,False,5,osm,17.0,35 mph,,
way/398417472,West Slauson Avenue,primary,False,4,osm,13.6,35 mph,,
way/400003934,West Slauson Avenue,primary,False,5,osm,17.0,35 mph,,
way/400003935,West Slauson Avenue,primary,False,4,osm,13.6,35 mph,,
way/400003938,West Slauson Avenue,primary,False,5,osm,17.0,35 mph,,
way/400003939,West Slauson Avenue,primary,False,7,osm,23.8,35 mph,asphalt,
way/400003940,West Slauson Avenue,primary,False,5,osm,17.0,35 mph,,
way/400003941,West Slauson Avenue,primary,False,5,osm,17.0,35 mph,asphalt,
way/400003945,West Slauson Avenue,primary,False,5,osm,17.0,35 mph,asphalt,
way/400003946,West Slauson Avenue,primary,False,5,osm,17.0,35 mph,,
way/403725538,West 54th Street,tertiary,False,2,osm,6.8,30 mph,paved,
way/489668499,,service,False,1,inferred,3.4,,,
way/489668500,,service,False,1,inferred,3.4,,,
way/489668501,,service,False,1,inferred,3.4,,,
way/489668502,,service,False,1,inferred,3.4,,,
way/489668503,,service,False,1,inferred,3.4,,,
way/489668504,,service,False,1,inferred,3.4,,,
way/489668505,,service,False,1,inferred,3.4,,,
way/489668506,,service,False,1,inferred,3.4,,,
way/489668507,,service,False,1,inferred,3.4,,,
way/489668508,,service,False,1,inferred,3.4,,,
way/489668509,,service,True,1,inferred,3.4,,,
way/489668510,,service,False,1,inferred,3.4,,,
way/489668511,,service,False,1,inferred,3.4,,,
way/489668513,,service,False,1,inferred,3.4,,,
way/489668514,,service,False,1,inferred,3.4,,,
way/489668515,,service,False,1,inferred,3.4,,,
way/489668516,,service,False,1,inferred,3.4,,,
way/489668517,,service,False,1,inferred,3.4,,,
way/505470996,,service,False,1,inferred,3.4,,,
way/505470997,,service,False,1,inferred,3.4,,,
way/505470998,,service,False,1,inferred,3.4,,,
way/509313137,West 52nd Street,residential,False,2,osm,6.8,,asphalt,
way/509313141,West 52nd Street,residential,False,2,osm,6.8,,asphalt,
way/582757387,,service,False,1,inferred,3.4,,,
way/588857997,,service,False,1,inferred,3.4,,,
way/604363372,South 8th Avenue,tertiary,False,2,inferred,6.8,,,
way/607179440,East Fairview Boulevard,tertiary,False,2,osm,6.8,,asphalt,
way/607540297,West Slauson Avenue,primary,False,4,osm,13.6,35 mph,,
way/607540298,10th Avenue,residential,False,2,inferred,6.8,,,
way/651573513,South Victoria Avenue,residential,False,2,inferred,6.8,,,
way/664051386,West 59th Place,residential,False,2,inferred,6.8,,,
way/719637996,,service,False,1,inferred,3.4,,,
way/719655321,,service,False,1,inferred,3.4,,,
way/719655322,,service,False,1,inferred,3.4,,,
way/719655323,,service,False,1,inferred,3.4,,,
way/719655324,,service,False,1,inferred,3.4,,,
way/719655325,,service,False,1,inferred,3.4,,,
way/719655326,,service,False,1,inferred,3.4,,,
way/719655327,,service,False,1,inferred,3.4,,,
way/719655328,,service,False,1,inferred,3.4,,,
way/719655329,,service,False,1,inferred,3.4,,,
way/719655330,,service,False,1,inferred,3.4,,,
way/719655331,,service,False,1,inferred,3.4,,,
way/719655332,,service,False,1,inferred,3.4,,,
way/719655333,,service,False,1,inferred,3.4,,,
way/719655334,,service,False,1,inferred,3.4,,,
way/719655335,,service,False,1,inferred,3.4,,,
way/719655336,,service,False,1,inferred,3.4,,,
way/719655337,,service,False,1,inferred,3.4,,,
way/719655338,,service,False,1,inferred,3.4,,,
way/719655339,,service,False,1,inferred,3.4,,,
way/719682848,,service,False,1,inferred,3.4,,,
way/720120457,,service,False,1,inferred,3.4,,,
way/720122330,,service,False,1,inferred,3.4,,,
way/720122331,,service,False,1,inferred,3.4,,,
way/720122332,,service,False,1,inferred,3.4,,,
way/720122333,,service,False,1,inferred,3.4,,,
way/720122334,,service,False,1,inferred,3.4,,,
way/720122335,,service,False,1,inferred,3.4,,,
way/720161614,,service,False,1,inferred,3.4,,,
way/720161615,,service,False,1,inferred,3.4,,,
way/720161616,,service,False,1,inferred,3.4,,,
way/720161617,,service,False,1,inferred,3.4,,,
way/720161618,,service,False,1,inferred,3.4,,,
way/720161619,,service,False,1,inferred,3.4,,,
way/720161620,,service,False,1,inferred,3.4,,,
way/720198432,,service,False,1,inferred,3.4,,,
way/720198433,,service,False,1,inferred,3.4,,,
way/720198434,,service,False,1,inferred,3.4,,,
way/720198435,,service,False,1,inferred,3.4,,,
way/720218993,,service,False,1,inferred,3.4,,,
way/720218994,,service,False,1,inferred,3.4,,,
way/721089034,,service,False,1,inferred,3.4,,,
way/721089035,,service,False,1,inferred,3.4,,,
way/721089036,,service,False,1,inferred,3.4,,,
way/721089037,,service,False,1,inferred,3.4,,,
way/721089038,,service,False,1,inferred,3.4,,,
way/721095395,,service,False,1,inferred,3.4,,,
way/721095396,,service,False,1,inferred,3.4,,,
way/721095397,,service,False,1,inferred,3.4,,,
way/721095398,,service,False,1,inferred,3.4,,,
way/721095399,,service,False,1,inferred,3.4,,,
way/721117475,,service,False,1,inferred,3.4,,,
way/721117476,,service,False,1,inferred,3.4,,,
way/721163277,,service,False,1,inferred,3.4,,,
way/721193290,,service,False,1,inferred,3.4,,,
way/721532884,,service,False,1,inferred,3.4,,,
way/721532885,,service,True,1,inferred,3.4,,,
way/721532886,,service,False,1,inferred,3.4,,,
way/721577548,,service,True,1,inferred,3.4,,,
way/721616086,,service,True,1,inferred,3.4,,,
way/721616087,,service,True,1,inferred,3.4,,,
way/721616088,,service,False,1,inferred,3.4,,,
way/721616089,,service,False,1,inferred,3.4,,,
way/721616090,,service,False,1,inferred,3.4,,,
way/721616091,,service,True,1,inferred,3.4,,,
way/721616092,,service,False,1,inferred,3.4,,,
way/722264745,,service,False,1,inferred,3.4,,,
way/722267125,,service,False,1,inferred,3.4,,,
way/722455539,,service,False,1,inferred,3.4,,,
way/723985747,,service,False,1,inferred,3.4,,,
way/723985748,,service,False,1,inferred,3.4,,,
way/723985749,,service,False,1,inferred,3.4,,,
way/723985750,,service,False,1,inferred,3.4,,,
way/723985751,,service,False,1,inferred,3.4,,,
way/723985752,,service,True,1,inferred,3.4,,,
way/723985753,,service,True,1,inferred,3.4,,,
way/724224086,,service,False,1,inferred,3.4,,,
way/724290124,,service,False,1,inferred,3.4,,,
way/724324880,,service,False,1,inferred,3.4,,,
way/724324881,,service,False,1,inferred,3.4,,,
way/737543795,,service,False,1,inferred,3.4,,,
way/737543796,,service,False,1,inferred,3.4,,,
way/737543797,,service,False,1,inferred,3.4,,,
way/741875419,Crenshaw Boulevard,primary,True,4,osm,13.6,35 mph,asphalt,left|none|none|none
way/742164362,Crenshaw Boulevard,primary,True,3,osm,10.2,,asphalt,
way/742164363,Crenshaw Boulevard,primary,True,3,osm,10.2,,asphalt,
way/765905296,,service,False,1,inferred,3.4,,,
way/771194210,,service,False,1,inferred,3.4,,,
way/771194211,,service,False,1,inferred,3.4,,,
way/771789025,,footway,False,1,inferred,3.4,,,
way/771789026,,footway,False,1,inferred,3.4,,,
way/771789027,,footway,False,1,inferred,3.4,,,
way/771789028,,footway,False,1,inferred,3.4,,,
way/771789029,,footway,False,1,inferred,3.4,,,
way/771789030,,footway,False,1,inferred,3.4,,,
way/771789031,,footway,False,1,inferred,3.4,,,
way/771789032,,footway,False,1,inferred,3.4,,,
way/771789033,,footway,False,1,inferred,3.4,,,
way/771789034,,footway,False,1,inferred,3.4,,,
way/771789035,,footway,False,1,inferred,3.4,,,
way/771789036,,footway,False,1,inferred,3.4,,,
way/771789037,,footway,False,1,inferred,3.4,,,
way/771789038,,footway,False,1,inferred,3.4,,,
way/771789039,,footway,False,1,inferred,3.4,,,
way/771789040,,footway,False,1,inferred,3.4,,,
way/771821245,,footway,False,1,inferred,3.4,,,
way/771821246,,footway,False,1,inferred,3.4,,,
way/771821247,,footway,False,1,inferred,3.4,,,
way/771821248,,footway,False,1,inferred,3.4,,,
way/771821255,,footway,False,1,inferred,3.4,,,
way/782597594,,service,False,1,inferred,3.4,,,
way/791961266,,service,False,1,inferred,3.4,,,
way/791961267,,service,False,1,inferred,3.4,,,
way/791961268,,service,False,1,inferred,3.4,,,
way/797310647,,service,False,1,inferred,3.4,,,
way/817114847,West 52nd Street,residential,False,2,inferred,6.8,,asphalt,
way/829119490,South Victoria Avenue,residential,False,2,inferred,6.8,,asphalt,
way/837021489,,service,True,1,inferred,3.4,,,
way/838030286,,service,False,1,inferred,3.4,,,
way/838071763,,service,False,1,inferred,3.4,,,
way/838071764,,service,False,1,inferred,3.4,,,
way/843393318,,service,False,1,inferred,3.4,,,
way/875996653,,service,False,1,inferred,3.4,,,
way/875996654,,service,False,1,inferred,3.4,,,
way/883090293,,service,False,1,inferred,3.4,,,
way/883090294,,service,False,1,inferred,3.4,,,
way/883090295,,service,False,1,inferred,3.4,,,
way/905642108,,service,False,1,inferred,3.4,,,
way/905642109,,service,False,1,inferred,3.4,,,
way/905642110,,service,False,1,inferred,3.4,,,
way/905642111,,service,False,1,inferred,3.4,,,
way/905642112,,service,False,1,inferred,3.4,,,
way/905642113,,service,False,1,inferred,3.4,,,
way/905642114,,service,False,1,inferred,3.4,,,
way/905642115,,service,False,1,inferred,3.4,,,
way/905642116,,service,False,1,inferred,3.4,,,
way/905677926,,service,False,1,inferred,3.4,,,
way/905677927,,service,False,1,inferred,3.4,,,
way/905677928,,service,False,1,inferred,3.4,,,
way/905677929,,service,False,1,inferred,3.4,,,
way/905677930,,service,False,1,inferred,3.4,,,
way/905677931,,service,False,1,inferred,3.4,,,
way/905677932,,service,False,1,inferred,3.4,,,
way/905677933,,service,False,1,inferred,3.4,,,
way/905677934,,service,False,1,inferred,3.4,,,
way/905677935,,service,False,1,inferred,3.4,,,
way/905677936,,service,False,1,inferred,3.4,,,
way/905677937,,service,False,1,inferred,3.4,,,
way/905677938,,service,False,1,inferred,3.4,,,
way/905677939,,service,False,1,inferred,3.4,,,
way/905681368,,service,False,1,inferred,3.4,,,
way/905681369,,service,False,1,inferred,3.4,,,
way/905681370,,service,False,1,inferred,3.4,,,
way/905681371,,service,False,1,inferred,3.4,,,
way/905681372,,service,False,1,inferred,3.4,,,
way/905681373,,service,False,1,inferred,3.4,,,
way/905681374,,service,False,1,inferred,3.4,,,
way/905681375,,service,False,1,inferred,3.4,,,
way/905681376,,service,False,1,inferred,3.4,,,
way/905681377,,service,False,1,inferred,3.4,,,
way/905682974,,service,True,1,inferred,3.4,,,
way/905682975,,service,False,1,inferred,3.4,,,
way/905682976,,service,False,1,inferred,3.4,,,
way/905694408,,service,False,1,inferred,3.4,,,
way/905705713,,service,False,1,inferred,3.4,,,
way/905705714,,service,False,1,inferred,3.4,,,
way/905711340,,service,False,1,inferred,3.4,,,
way/905716231,,service,False,1,inferred,3.4,,,
way/905716232,,service,False,1,inferred,3.4,,,
way/905716233,,service,False,1,inferred,3.4,,,
way/905716234,,service,False,1,inferred,3.4,,,
way/905732206,,service,False,1,inferred,3.4,,,
way/905761344,,service,False,1,inferred,3.4,,,
way/911100763,,service,False,1,inferred,3.4,,,
way/911125236,,service,False,1,inferred,3.4,,,
way/911131762,,service,False,1,inferred,3.4,,,
way/911131763,,service,False,1,inferred,3.4,,,
way/911131764,,service,False,1,inferred,3.4,,,
way/911214199,,service,True,1,inferred,3.4,,,
way/911219369,,service,False,1,inferred,3.4,,,
way/945065758,,service,False,1,inferred,3.4,,,
way/945065759,,service,False,1,inferred,3.4,,,
way/945065760,,service,False,1,inferred,3.4,,,
way/945065761,,service,False,1,inferred,3.4,,,
way/945093635,,service,False,1,inferred,3.4,,,
way/945093636,,service,False,1,inferred,3.4,,,
way/945093637,,service,False,1,inferred,3.4,,,
way/945093638,,service,False,1,inferred,3.4,,,
way/945093639,,service,False,1,inferred,3.4,,,
way/951350961,8th Avenue,residential,False,2,inferred,6.8,,,
way/958885083,,service,False,1,inferred,3.4,,,
way/959013852,,service,False,1,inferred,3.4,,,
way/961596310,,service,False,1,inferred,3.4,,,
way/967563893,West 63rd Street,residential,False,2,inferred,6.8,,,
way/967563894,Crenshaw Boulevard,primary,False,7,osm,23.8,35 mph,asphalt,
way/967782730,Crenshaw Boulevard,primary,True,3,osm,10.2,,asphalt,
way/981132299,,service,False,1,inferred,3.4,,,
way/999051645,Crenshaw Boulevard,primary,False,7,osm,23.8,35 mph,asphalt,
way/1020769073,West 60th Street,tertiary,False,2,osm,6.8,,asphalt,
way/1020769074,Crenshaw Boulevard,primary,True,3,osm,10.2,,asphalt,
way/1020769075,West 60th Street,tertiary,False,2,osm,6.8,,asphalt,
way/1020769076,Crenshaw Boulevard,primary,True,3,osm,10.2,,asphalt,
way/1036292354,West 57th Street,residential,False,2,osm,6.8,,asphalt,
way/1036292355,Crenshaw Boulevard,primary,True,4,osm,13.6,,asphalt,left|||
way/1036292356,West 57th Street,residential,False,2,osm,6.8,,asphalt,
way/1053558057,Crenshaw Boulevard,primary,True,4,osm,13.6,,asphalt,left|none|none|none
way/1053559359,Crenshaw Boulevard,primary,True,3,osm,10.2,,asphalt,
way/1055952160,Crenshaw Boulevard,primary,True,3,osm,10.2,,asphalt,
way/1055952161,Crenshaw Boulevard,primary,True,4,osm,13.6,,asphalt,
way/1055952162,Crenshaw Boulevard,primary,True,4,osm,13.6,,asphalt,left|||
way/1065444392,Crenshaw Boulevard,primary,True,3,osm,10.2,,asphalt,
way/1072691192,Crenshaw Boulevard,primary,True,2,osm,6.8,,asphalt,
way/1078542853,,service,False,1,inferred,3.4,,,
way/1078542854,,service,False,1,inferred,3.4,,,
way/1078542855,,service,False,1,inferred,3.4,,,
way/1078542856,,service,False,1,inferred,3.4,,,
way/1078542857,,service,False,1,inferred,3.4,,,
way/1078542858,,service,False,1,inferred,3.4,,,
way/1078542859,,service,False,1,inferred,3.4,,,
way/1078542860,,service,False,1,inferred,3.4,,,
way/1078542861,,service,False,1,inferred,3.4,,,
way/1078542862,,service,False,1,inferred,3.4,,,
way/1086627550,,service,False,1,inferred,3.4,,,
way/1093045096,,service,False,1,inferred,3.4,,,
way/1093045097,,service,False,1,inferred,3.4,,,
way/1111523013,West 57th Street,residential,False,2,osm,6.8,,asphalt,
way/1113448640,,service,False,1,inferred,3.4,,,
way/1125782470,,service,True,1,inferred,3.4,,,
way/1175004135,Crenshaw Boulevard,primary,False,7,osm,23.8,35 mph,asphalt,
way/1182815843,,service,False,1,inferred,3.4,,,
way/1191325284,,path,False,1,inferred,3.4,,,
way/1191325285,,footway,False,1,inferred,3.4,,concrete,
way/1191325286,,footway,False,1,inferred,3.4,,,
way/1199344543,,service,False,1,inferred,3.4,,,
way/1229118429,,service,True,1,inferred,3.4,,,
way/1229118430,,service,True,1,inferred,3.4,,,
way/1229118431,,service,False,1,inferred,3.4,,,
way/1229118432,,service,True,1,inferred,3.4,,,
way/1229118433,,service,False,1,inferred,3.4,,,
way/1229118434,,service,True,1,inferred,3.4,,,
way/1229118435,,service,True,1,inferred,3.4,,,
way/1265686427,West 59th Street,residential,False,2,osm,6.8,,asphalt,
way/1266590558,West 58th Place,residential,False,2,inferred,6.8,,paved,
way/1266590559,West Boulevard,secondary,False,3,osm,10.2,30 mph,asphalt,
way/1299963235,West Slauson Avenue,primary,False,4,osm,13.6,35 mph,asphalt,
way/1299963236,,service,False,1,inferred,3.4,,,
way/1299963237,West Slauson Avenue,primary,False,7,osm,23.8,35 mph,asphalt,
way/1305698637,,service,True,1,inferred,3.4,,,
way/1305698638,,service,False,1,inferred,3.4,,,
way/1317806484,West Slauson Avenue,primary,False,6,osm,20.4,35 mph,asphalt,
way/1347432632,,footway,False,1,inferred,3.4,,,
way/1347432655,West 52nd Street,residential,False,2,osm,6.8,,paved,
way/1347432656,5th Avenue,residential,False,2,inferred,6.8,,paved,
way/1347432657,5th Avenue,residential,False,2,inferred,6.8,,asphalt,
way/1347434461,Deane Avenue,residential,False,2,inferred,6.8,,asphalt,
way/1347434462,Brynhurst Avenue,residential,False,2,inferred,6.8,,paved,
way/1366705180,West Slauson Avenue,primary,False,4,osm,13.6,35 mph,asphalt,
way/1382052487,,footway,False,1,inferred,3.4,,,
way/1382052488,,footway,False,1,inferred,3.4,,,
way/1382052489,,footway,False,1,inferred,3.4,,,
way/1382052490,,footway,False,1,inferred,3.4,,,
way/1382052491,,footway,False,1,inferred,3.4,,,
way/1382052492,,footway,False,1,inferred,3.4,,,
way/1382052493,,footway,False,1,inferred,3.4,,concrete,
way/1387892874,,footway,False,1,inferred,3.4,,concrete,
way/1387892875,Harbor Subdivision,cycleway,False,2,osm,6.8,,asphalt,
way/1421702529,,service,False,1,inferred,3.4,,,
way/1421702530,,service,False,1,inferred,3.4,,,
way/1424251071,,footway,False,1,inferred,3.4,,,
way/1424251072,,footway,False,1,inferred,3.4,,,
way/1424251073,,footway,False,1,inferred,3.4,,,
way/1424251074,,footway,False,1,inferred,3.4,,,
way/1424251075,,footway,False,1,inferred,3.4,,,
way/1424251076,,footway,False,1,inferred,3.4,,,
way/1424251077,,footway,False,1,inferred,3.4,,,
way/1424251078,,footway,False,1,inferred,3.4,,,
way/1424251079,,footway,False,1,inferred,3.4,,,
way/1424251080,,footway,False,1,inferred,3.4,,,
way/1424251081,,footway,False,1,inferred,3.4,,,
way/1424251082,,footway,False,1,inferred,3.4,,,
way/1424251083,,footway,False,1,inferred,3.4,,,
way/1424251084,,footway,False,1,inferred,3.4,,,
way/1424251085,,footway,False,1,inferred,3.4,,,
way/1424251086,,footway,False,1,inferred,3.4,,,
way/1424251087,,footway,False,1,inferred,3.4,,,
way/1424251088,,footway,False,1,inferred,3.4,,,
way/1424251089,,footway,False,1,inferred,3.4,,,
way/1424251090,,footway,False,1,inferred,3.4,,,
way/1424251091,,footway,False,1,inferred,3.4,,,
way/1424251092,,footway,False,1,inferred,3.4,,,
way/1424251093,,footway,False,1,inferred,3.4,,,
way/1424251094,,footway,False,1,inferred,3.4,,,
way/1424251095,,footway,False,1,inferred,3.4,,,
way/1424251096,,footway,False,1,inferred,3.4,,,
way/1424251097,,footway,False,1,inferred,3.4,,,
way/1424251098,,footway,False,1,inferred,3.4,,,
way/1424251099,,footway,False,1,inferred,3.4,,,
way/1424251100,,footway,False,1,inferred,3.4,,,
way/1424251101,,footway,False,1,inferred,3.4,,,
way/1424251102,,footway,False,1,inferred,3.4,,,
way/1424251103,,service,False,1,inferred,3.4,,,
way/1424251104,,footway,False,1,inferred,3.4,,,
way/1424251105,,footway,False,1,inferred,3.4,,,
way/1424253157,,footway,False,1,inferred,3.4,,,
way/1424253158,,footway,False,1,inferred,3.4,,,
way/1424253159,,footway,False,1,inferred,3.4,,,
way/1424253160,,footway,False,1,inferred,3.4,,,
way/1424253161,,footway,False,1,inferred,3.4,,,
way/1424253162,,footway,False,1,inferred,3.4,,,
way/1424253163,,service,False,1,inferred,3.4,,,
way/1424253164,,footway,False,1,inferred,3.4,,,
way/1424253165,,footway,False,1,inferred,3.4,,,
way/1424253166,,footway,False,1,inferred,3.4,,,
way/1424253167,,footway,False,1,inferred,3.4,,,
way/1424253168,,footway,False,1,inferred,3.4,,,
way/1424253169,,footway,False,1,inferred,3.4,,,
way/1424253170,,footway,False,1,inferred,3.4,,,
way/1424253171,,footway,False,1,inferred,3.4,,,
way/1424253172,,footway,False,1,inferred,3.4,,,
way/1424253173,,footway,False,1,inferred,3.4,,,
way/1424253174,,footway,False,1,inferred,3.4,,,
way/1424253175,,footway,False,1,inferred,3.4,,,
way/1424253176,,footway,False,1,inferred,3.4,,,
way/1424253177,,footway,False,1,inferred,3.4,,,
way/1424253178,,service,True,1,inferred,3.4,,,
way/1424253179,,footway,False,1,inferred,3.4,,,
way/1424253180,,footway,False,1,inferred,3.4,,,
way/1424253181,,footway,False,1,inferred,3.4,,,
way/1424253182,,footway,False,1,inferred,3.4,,,
way/1424253183,,footway,False,1,inferred,3.4,,,
way/1424253184,,footway,False,1,inferred,3.4,,,
way/1424253185,,footway,False,1,inferred,3.4,,,
way/1424253186,,service,False,1,inferred,3.4,,,
way/1424253187,,service,True,1,inferred,3.4,,,
way/1424253188,,service,False,1,inferred,3.4,,,
way/1424255183,,service,False,1,inferred,3.4,,,
way/1424255184,,footway,False,1,inferred,3.4,,,
way/1424255188,,footway,False,1,inferred,3.4,,,
way/1424255192,,footway,False,1,inferred,3.4,,,
way/1424255193,,footway,False,1,inferred,3.4,,,
way/1424255194,,service,False,1,inferred,3.4,,,
way/1424255195,,service,False,1,inferred,3.4,,,
way/1424255198,,footway,False,1,inferred,3.4,,,
way/1424255199,,steps,False,1,inferred,3.4,,,
way/1424255200,,path,False,1,inferred,3.4,,,
way/1424255205,,footway,False,1,inferred,3.4,,,
way/1424413261,,footway,False,1,inferred,3.4,,,
way/1424413262,,footway,False,1,inferred,3.4,,,
way/1424413263,,footway,False,1,inferred,3.4,,,
way/1424413264,,footway,False,1,inferred,3.4,,,
way/1424413265,,footway,False,1,inferred,3.4,,,
way/1424413266,,footway,False,1,inferred,3.4,,,
way/1424413267,,service,False,1,inferred,3.4,,,
way/1424413268,,service,False,1,inferred,3.4,,,
way/1424413269,,service,False,1,inferred,3.4,,,
way/1424413270,,service,False,1,inferred,3.4,,,
way/1424413271,,service,True,1,inferred,3.4,,,
way/1424413272,,footway,False,1,inferred,3.4,,,
way/1424413273,,footway,False,1,inferred,3.4,,,
way/1424413274,,footway,False,1,inferred,3.4,,,
way/1424413275,,service,False,1,inferred,3.4,,,
way/1424413276,,service,False,1,inferred,3.4,,,
way/1424413277,,footway,False,1,inferred,3.4,,,
way/1424413278,,footway,False,1,inferred,3.4,,,
way/1424413279,,footway,False,1,inferred,3.4,,,
way/1424413280,,footway,False,1,inferred,3.4,,,
way/1424413281,,footway,False,1,inferred,3.4,,,
way/1424413282,,footway,False,1,inferred,3.4,,,
way/1424413283,,footway,False,1,inferred,3.4,,,
way/1424413284,,footway,False,1,inferred,3.4,,,
way/1424413285,,footway,False,1,inferred,3.4,,,
way/1424413286,,footway,False,1,inferred,3.4,,,
way/1424413287,,footway,False,1,inferred,3.4,,,
way/1424413288,,footway,False,1,inferred,3.4,,,
way/1424413289,,service,False,1,inferred,3.4,,,
way/1424413290,,service,False,1,inferred,3.4,,,
way/1424413291,,footway,False,1,inferred,3.4,,,
way/1424413292,,footway,False,1,inferred,3.4,,,
way/1424413293,,service,False,1,inferred,3.4,,,
way/1424413294,,service,False,1,inferred,3.4,,,
way/1425387927,,footway,False,1,inferred,3.4,,,
way/1425387928,,footway,False,1,inferred,3.4,,,
way/1425387929,,footway,False,1,inferred,3.4,,,
way/1425387930,,footway,False,1,inferred,3.4,,,
way/1425387931,,service,True,1,inferred,3.4,,,
way/1425387932,,footway,False,1,inferred,3.4,,,
way/1425387933,,footway,False,1,inferred,3.4,,,
way/1425387934,,service,False,1,inferred,3.4,,,
way/1425387935,,footway,False,1,inferred,3.4,,,
way/1425387936,,footway,False,1,inferred,3.4,,,
way/1425387937,,service,False,1,inferred,3.4,,,
way/1425387938,,footway,False,1,inferred,3.4,,,
way/1425387939,,footway,False,1,inferred,3.4,,,
way/1425387940,,footway,False,1,inferred,3.4,,,
way/1425387941,,footway,False,1,inferred,3.4,,,
way/1425387942,,footway,False,1,inferred,3.4,,,
way/1425620722,,footway,False,1,inferred,3.4,,,
way/1425620723,,footway,False,1,inferred,3.4,,,
way/1425620724,,footway,False,1,inferred,3.4,,,
way/1425620725,,footway,False,1,inferred,3.4,,,
way/1425620726,,service,False,1,inferred,3.4,,,
way/1426093661,,footway,False,1,inferred,3.4,,,
way/1426093662,,footway,False,1,inferred,3.4,,,
way/1426093663,,footway,False,1,inferred,3.4,,,
way/1426093664,,footway,False,1,inferred,3.4,,,
way/1426093665,,footway,False,1,inferred,3.4,,,
way/1426093666,,footway,False,1,inferred,3.4,,,
way/1426093667,,footway,False,1,inferred,3.4,,,
way/1426093668,,service,False,1,inferred,3.4,,,
way/1426093669,,service,False,1,inferred,3.4,,,
way/1426093670,,footway,False,1,inferred,3.4,,,
way/1426093671,,footway,False,1,inferred,3.4,,,
way/1426093672,,service,False,1,inferred,3.4,,,
way/1426093673,,footway,False,1,inferred,3.4,,,
way/1426093676,,footway,False,1,inferred,3.4,,,
way/1426093677,,footway,False,1,inferred,3.4,,,
way/1444386649,,footway,False,1,inferred,3.4,,,
way/1444478990,,service,False,1,inferred,3.4,,,
way/1451675862,,footway,False,1,inferred,3.4,,,
way/1451675863,,footway,False,1,inferred,3.4,,,
way/1451675864,,footway,False,1,inferred,3.4,,,
way/1451675865,,footway,False,1,inferred,3.4,,,
way/1451675866,,footway,False,1,inferred,3.4,,,
way/1451738493,,footway,False,1,inferred,3.4,,,
way/1451738494,,footway,False,1,inferred,3.4,,,
way/1451738495,,footway,False,1,inferred,3.4,,,
way/1451738880,,footway,False,1,inferred,3.4,,,
way/1451740048,,footway,False,1,inferred,3.4,,,
way/1451742420,,footway,False,1,inferred,3.4,,,
way/1451742465,,footway,False,1,inferred,3.4,,,
way/1451762519,,footway,False,1,inferred,3.4,,,
way/1451762520,,footway,False,1,inferred,3.4,,,
way/1451762521,,footway,False,1,inferred,3.4,,,
way/1451762522,,footway,False,1,inferred,3.4,,,
way/1451762524,,footway,False,1,inferred,3.4,,,
way/1451762525,,footway,False,1,inferred,3.4,,,
way/1451762526,,footway,False,1,inferred,3.4,,,
way/1452456943,,footway,False,1,inferred,3.4,,,
way/1452456944,,footway,False,1,inferred,3.4,,,
way/1452456945,,footway,False,1,inferred,3.4,,,
way/1452456946,,footway,False,1,inferred,3.4,,,
way/1452456950,,footway,False,1,inferred,3.4,,,
way/1452456953,,footway,False,1,inferred,3.4,,,
way/1452456954,,footway,False,1,inferred,3.4,,,
way/1452476193,,footway,False,1,inferred,3.4,,,
way/1456303189,,footway,False,1,inferred,3.4,,,
way/1456303190,,footway,False,1,inferred,3.4,,,
way/1456303191,,footway,False,1,inferred,3.4,,,
way/1456303192,,footway,False,1,inferred,3.4,,,
way/1456303193,,footway,False,1,inferred,3.4,,,
way/1456303194,,footway,False,1,inferred,3.4,,,
way/1456303195,,footway,False,1,inferred,3.4,,,
way/1456303196,,footway,False,1,inferred,3.4,,,
way/1456303197,,footway,False,1,inferred,3.4,,,
way/1456303198,,footway,False,1,inferred,3.4,,,
way/1456303199,,footway,False,1,inferred,3.4,,,
way/1456303200,,footway,False,1,inferred,3.4,,,
way/1456303201,,footway,False,1,inferred,3.4,,,
way/1456303202,,footway,False,1,inferred,3.4,,,
way/1456303203,,footway,False,1,inferred,3.4,,,
way/1456303204,,footway,False,1,inferred,3.4,,,
way/1456303205,,footway,False,1,inferred,3.4,,,
way/1456303206,,footway,False,1,inferred,3.4,,,
way/1456304467,,footway,False,1,inferred,3.4,,,
way/1456304468,,footway,False,1,inferred,3.4,,,
way/1456304469,,footway,False,1,inferred,3.4,,,
way/1456304470,,footway,False,1,inferred,3.4,,,
way/1456304471,,footway,False,1,inferred,3.4,,,
way/1456304472,,footway,False,1,inferred,3.4,,,
way/1456304473,,footway,False,1,inferred,3.4,,,
way/1456304474,,footway,False,1,inferred,3.4,,,
way/1456304475,,footway,False,1,inferred,3.4,,,
way/1456312112,,footway,False,1,inferred,3.4,,,
way/1456312114,,footway,False,1,inferred,3.4,,,
way/1459002759,,service,False,1,inferred,3.4,,,
way/1459002760,,service,False,1,inferred,3.4,,,
way/1459002761,,service,False,1,inferred,3.4,,,
way/1459002762,,service,False,1,inferred,3.4,,,
way/1459002763,,service,False,1,inferred,3.4,,,
way/1459002764,,service,False,1,inferred,3.4,,,
way/1459002765,,service,False,1,inferred,3.4,,,
way/1459002766,,service,False,1,inferred,3.4,,,
way/1459002767,,service,False,1,inferred,3.4,,,
way/1459002768,,service,False,1,inferred,3.4,,,
way/1487395850,West 60th Street,tertiary,False,2,osm,6.8,,asphalt,
way/1510801891,,service,True,1,inferred,3.4,,,
way/1510801892,,service,True,1,inferred,3.4,,,
